temp_c,condition,wind_kph,wind_degree,wind_dir,pressure_mb,precip_mm,humidity,cloud,windchill_c,dewpoint_c,will_it_rain,vis_km,uv,hour_of_day,day,45_chance_rain,100_chance_rain
5.6,Clear,8.3,79,0,1030.0,0.0,75,0,3.7,1.5,0,10.0,0.0,0,1,0,0
5.3,Clear,9.4,91,0,1030.0,0.0,74,0,3.2,1.1,0,10.0,0.0,1,1,0,0
5.1,Clear,8.6,90,0,1030.0,0.0,73,0,3.1,0.7,0,10.0,0.0,2,1,0,0
5.0,Clear,8.6,89,0,1030.0,0.0,72,0,2.9,0.4,0,10.0,0.0,3,1,0,0
4.8,Clear,9.0,93,0,1029.0,0.0,72,2,2.7,0.2,0,10.0,0.0,4,1,0,0
4.7,Clear,8.6,89,0,1029.0,0.0,72,0,2.6,0.0,0,10.0,0.0,5,1,0,0
4.6,Clear,9.0,94,0,1028.0,0.0,72,0,2.4,-0.0,0,10.0,0.0,6,1,0,0
4.4,Clear,7.2,89,0,1029.0,0.0,72,0,2.7,-0.1,0,10.0,0.0,7,1,0,0
4.5,Clear,8.3,95,0,1029.0,0.0,73,0,2.4,-0.0,0,10.0,0.0,8,1,0,0
5.5,Sunny,7.9,100,0,1029.0,0.0,70,0,3.7,0.5,0,10.0,3.0,9,1,0,0
8.0,Sunny,6.8,107,2,1029.0,0.0,62,2,6.9,1.2,0,10.0,3.0,10,1,0,0
10.1,Sunny,6.5,118,2,1029.0,0.0,56,5,9.4,1.7,0,10.0,4.0,11,1,0,0
11.7,Sunny,5.4,134,9,1029.0,0.0,51,16,11.6,2.1,0,10.0,4.0,12,1,0,0
12.5,Sunny,6.8,156,10,1027.0,0.0,50,3,12.2,2.3,0,10.0,4.0,13,1,0,0
12.6,Sunny,7.9,184,8,1027.0,0.0,50,22,12.0,2.6,0,10.0,4.0,14,1,0,0
12.1,Overcast,7.6,188,8,1026.0,0.0,56,100,11.6,3.5,0,10.0,3.0,15,1,0,0
11.1,Overcast,7.2,197,11,1026.0,0.0,64,100,10.4,4.5,0,10.0,3.0,16,1,0,0
9.7,Sunny,6.1,199,11,1026.0,0.0,69,6,9.1,4.3,0,10.0,3.0,17,1,0,0
9.2,Overcast,5.8,168,10,1027.0,0.0,71,100,8.7,4.2,0,10.0,0.0,18,1,0,0
9.1,Partly cloudy,5.0,151,10,1027.0,0.0,71,50,8.7,4.1,0,10.0,0.0,19,1,0,0
9.0,Cloudy,6.5,143,9,1027.0,0.0,71,81,8.2,4.0,0,10.0,0.0,20,1,0,0
9.0,Overcast,6.1,141,9,1027.0,0.0,70,93,8.3,3.9,0,10.0,0.0,21,1,0,0
9.1,Cloudy,7.2,140,9,1027.0,0.0,70,77,8.1,3.9,0,10.0,0.0,22,1,0,0
8.4,Overcast,7.2,140,9,1027.0,0.0,73,100,7.3,3.8,0,10.0,0.0,23,1,0,0
7.1,Clear,7.9,113,2,1028.0,0.0,74,10,5.7,2.8,0,10.0,0.0,0,2,0,0
6.6,Clear,8.6,110,2,1027.0,0.0,76,12,4.9,2.7,0,10.0,0.0,1,2,0,0
6.5,Clear,7.9,115,2,1027.0,0.0,77,25,4.9,2.7,0,10.0,0.0,2,2,0,0
6.3,Partly cloudy,7.9,118,2,1027.0,0.0,78,29,4.7,2.7,0,10.0,0.0,3,2,0,0
6.2,Partly cloudy,7.9,119,2,1027.0,0.0,79,32,4.5,2.8,0,10.0,0.0,4,2,0,0
6.1,Partly cloudy,8.6,119,2,1027.0,0.0,80,30,4.3,2.9,0,10.0,0.0,5,2,0,0
6.1,Clear,8.6,119,2,1027.0,0.0,80,22,4.3,2.9,0,10.0,0.0,6,2,0,0
5.9,Clear,8.3,115,2,1027.0,0.0,81,23,4.1,2.9,0,10.0,0.0,7,2,0,0
5.9,Clear,9.7,116,2,1027.0,0.0,81,14,3.8,2.9,0,10.0,0.0,8,2,0,0
6.9,Partly cloudy,7.6,119,2,1027.0,0.0,78,45,5.5,3.3,0,10.0,3.0,9,2,0,0
8.3,Cloudy,7.9,132,9,1028.0,0.0,74,63,7.0,4.0,0,10.0,2.0,10,2,0,0
10.5,Cloudy,9.4,141,9,1028.0,0.0,66,75,9.3,4.5,0,10.0,3.0,11,2,0,0
11.5,Cloudy,10.4,149,10,1027.0,0.0,63,80,10.4,4.6,0,10.0,3.0,12,2,0,0
12.2,Partly cloudy,11.9,161,10,1026.0,0.0,60,60,11.0,4.7,0,10.0,4.0,13,2,0,0
12.8,Cloudy,12.6,172,8,1026.0,0.0,59,85,11.7,5.0,0,10.0,3.0,14,2,0,0
12.7,Overcast,12.2,180,8,1026.0,0.0,61,99,11.5,5.4,0,10.0,3.0,15,2,0,0
12.0,Cloudy,10.8,181,8,1026.0,0.0,67,65,11.0,6.1,0,10.0,3.0,16,2,0,0
11.2,Partly cloudy,9.4,180,8,1026.0,0.0,71,52,10.1,6.1,0,10.0,4.0,17,2,0,0
10.5,Partly cloudy,9.0,167,10,1026.0,0.0,73,62,9.4,5.9,0,10.0,0.0,18,2,0,0
10.5,Cloudy,9.0,155,10,1026.0,0.0,72,83,9.4,5.6,0,10.0,0.0,19,2,0,0
10.3,Partly cloudy,9.0,144,9,1026.0,0.0,71,56,9.2,5.4,0,10.0,0.0,20,2,0,0
10.1,Overcast,9.4,139,9,1026.0,0.0,71,100,8.9,5.1,0,10.0,0.0,21,2,0,0
10.0,Overcast,9.4,136,9,1026.0,0.0,70,100,8.8,4.7,0,10.0,0.0,22,2,0,0
10.3,Overcast,10.4,142,9,1026.0,0.0,68,100,9.0,4.7,0,10.0,0.0,23,2,0,0
10.3,Overcast,10.1,142,9,1027.0,0.0,71,100,9.0,5.4,0,10.0,0.0,0,3,0,0
10.5,Overcast,9.7,146,10,1026.0,0.0,71,95,9.3,5.4,0,10.0,0.0,1,3,0,0
10.2,Overcast,9.4,151,10,1026.0,0.0,71,97,9.0,5.2,0,10.0,0.0,2,3,1,0
10.4,Overcast,10.1,152,10,1026.0,0.0,70,100,9.1,5.2,0,10.0,0.0,3,3,1,0
10.3,Patchy rain possible,10.8,147,10,1026.0,0.02,70,100,8.9,5.2,0,10.0,0.0,4,3,1,0
10.2,Patchy rain possible,10.4,143,9,1025.0,0.02,71,97,8.9,5.2,0,10.0,0.0,5,3,1,0
10.2,Patchy rain possible,9.7,142,9,1025.0,0.01,71,93,9.0,5.1,0,10.0,0.0,6,3,1,0
10.3,Patchy rain possible,9.7,145,9,1025.0,0.02,70,96,9.1,5.1,0,10.0,0.0,7,3,1,0
10.4,Patchy rain possible,10.1,149,10,1025.0,0.04,71,97,9.0,5.4,0,10.0,0.0,8,3,1,0
10.6,Patchy rain possible,10.4,147,10,1026.0,0.01,71,100,9.2,5.5,0,10.0,3.0,9,3,1,0
11.4,Overcast,11.2,151,10,1026.0,0.0,70,100,10.2,6.1,0,10.0,3.0,10,3,1,0
11.5,Patchy rain possible,10.4,153,10,1026.0,0.01,71,100,10.4,6.4,0,10.0,3.0,11,3,1,0
11.6,Overcast,11.2,158,10,1026.0,0.0,73,100,10.4,6.9,0,10.0,3.0,12,3,1,0
12.3,Overcast,11.9,170,8,1025.0,0.0,75,100,11.1,8.0,0,10.0,3.0,13,3,0,0
12.6,Overcast,12.2,181,8,1024.0,0.0,78,93,11.4,8.9,0,10.0,3.0,14,3,0,0
13.5,Overcast,15.5,192,11,1024.0,0.0,80,100,12.1,10.0,0,10.0,3.0,15,3,1,0
13.2,Overcast,16.2,187,8,1024.0,0.0,83,100,11.8,10.4,0,10.0,3.0,16,3,1,0
12.9,Overcast,15.5,185,8,1024.0,0.0,84,100,11.4,10.3,0,10.0,3.0,17,3,0,0
12.8,Overcast,15.5,178,8,1024.0,0.0,85,100,11.3,10.2,0,10.0,0.0,18,3,1,0
12.8,Overcast,15.5,171,8,1024.0,0.0,83,100,11.4,10.0,0,10.0,0.0,19,3,1,0
12.8,Overcast,14.4,168,10,1024.0,0.0,81,100,11.4,9.6,0,10.0,0.0,20,3,1,0
12.4,Overcast,14.0,163,10,1024.0,0.0,80,97,11.0,9.1,0,10.0,0.0,21,3,1,0
11.8,Overcast,13.0,152,10,1024.0,0.0,81,99,10.4,8.7,0,10.0,0.0,22,3,1,0
11.9,Cloudy,12.2,149,10,1024.0,0.0,82,87,10.5,8.8,0,10.0,0.0,23,3,0,0
12.0,Overcast,11.2,146,10,1025.0,0.0,79,100,10.9,8.6,0,10.0,0.0,0,4,0,0
12.0,Overcast,11.2,148,10,1024.0,0.0,79,100,10.8,8.5,0,10.0,0.0,1,4,0,0
11.9,Overcast,11.5,149,10,1023.0,0.0,80,100,10.7,8.6,0,10.0,0.0,2,4,1,0
11.9,Overcast,11.5,150,10,1023.0,0.0,80,100,10.7,8.6,0,10.0,0.0,3,4,1,0
11.8,Overcast,11.2,151,10,1022.0,0.0,80,100,10.7,8.6,0,10.0,0.0,4,4,1,0
11.8,Overcast,11.9,152,10,1022.0,0.0,80,100,10.5,8.5,0,10.0,0.0,5,4,1,0
11.8,Overcast,12.2,155,10,1022.0,0.0,80,100,10.5,8.5,0,10.0,0.0,6,4,1,0
11.9,Overcast,11.9,154,10,1022.0,0.0,79,100,10.6,8.4,0,10.0,0.0,7,4,1,0
11.9,Overcast,12.2,155,10,1021.0,0.0,79,100,10.6,8.4,0,10.0,0.0,8,4,1,0
12.2,Patchy rain possible,13.3,161,10,1021.0,0.01,79,100,10.8,8.7,0,10.0,3.0,9,4,1,0
13.0,Patchy rain possible,15.8,168,10,1021.0,0.01,77,57,11.6,9.0,0,10.0,3.0,10,4,1,0
14.1,Partly cloudy,18.7,170,8,1022.0,0.0,73,46,12.6,9.3,0,10.0,4.0,11,4,1,0
14.7,Partly cloudy,22.3,175,8,1021.0,0.0,70,38,13.1,9.4,0,10.0,4.0,12,4,1,0
15.1,Partly cloudy,22.7,177,8,1019.0,0.0,68,43,15.1,9.3,0,10.0,5.0,13,4,1,0
15.5,Partly cloudy,23.4,179,8,1018.0,0.0,65,44,15.5,9.0,0,10.0,5.0,14,4,1,0
15.5,Partly cloudy,23.4,176,8,1018.0,0.0,64,34,15.5,8.8,0,10.0,5.0,15,4,1,0
15.1,Patchy rain possible,22.7,174,8,1017.0,0.01,66,100,15.1,8.8,0,10.0,4.0,16,4,1,0
14.6,Patchy rain possible,23.0,172,8,1017.0,0.01,69,88,13.0,9.0,0,10.0,3.0,17,4,1,0
14.3,Patchy rain possible,23.0,166,10,1016.0,0.01,70,91,12.6,9.0,0,10.0,0.0,18,4,1,0
14.4,Patchy rain possible,23.8,162,10,1016.0,0.03,70,100,12.7,9.0,0,10.0,0.0,19,4,1,0
14.6,Patchy rain possible,24.1,162,10,1015.0,0.04,70,84,12.9,9.3,0,10.0,0.0,20,4,1,0
14.5,Cloudy,25.2,163,10,1015.0,0.0,72,68,12.8,9.7,0,10.0,0.0,21,4,1,0
14.2,Patchy rain possible,26.3,160,10,1014.0,0.01,74,100,12.2,9.7,0,10.0,0.0,22,4,1,0
14.4,Patchy rain possible,27.4,162,10,1013.0,0.05,75,100,12.4,10.1,0,10.0,0.0,23,4,1,0
14.1,Light rain,30.2,163,10,1011.0,0.83,80,100,11.9,10.6,1,9.0,0.0,0,5,0,1
13.7,Light rain,30.6,165,10,1010.0,0.91,86,100,11.4,11.5,1,9.0,0.0,1,5,0,1
13.7,Light drizzle,31.7,161,10,1008.0,0.57,87,100,11.3,11.6,1,2.0,0.0,2,5,0,1
13.4,Light rain,34.2,158,10,1007.0,1.38,90,100,10.8,11.8,1,9.0,0.0,3,5,0,1
13.5,Light rain,31.7,161,10,1006.0,1.85,89,100,11.1,11.8,1,9.0,0.0,4,5,0,1
13.7,Moderate rain,38.2,173,8,1005.0,5.21,92,100,11.1,12.5,1,7.0,0.0,5,5,0,1
13.7,Moderate rain,33.5,178,8,1004.0,2.81,94,100,11.3,12.8,1,7.0,0.0,6,5,0,1
14.0,Light rain,30.2,179,8,1003.0,2.44,95,100,11.8,13.2,1,9.0,0.0,7,5,0,1
14.7,Moderate rain,33.1,200,11,1003.0,5.53,94,100,12.6,13.8,1,7.0,0.0,8,5,0,1
14.7,Light rain shower,25.9,205,11,1004.0,1.95,91,71,12.9,13.3,1,10.0,3.0,9,5,0,1
14.9,Moderate or heavy rain shower,27.7,215,12,1004.0,2.51,90,50,13.1,13.3,1,7.0,3.0,10,5,0,1
14.9,Light rain shower,27.7,213,11,1004.0,1.59,91,64,13.1,13.5,1,10.0,3.0,11,5,0,1
15.1,Light rain shower,29.2,214,12,1004.0,1.44,90,68,15.1,13.6,1,10.0,4.0,12,5,0,1
15.0,Light rain shower,29.5,211,11,1003.0,1.21,90,70,15.0,13.3,1,10.0,4.0,13,5,0,1
14.7,Light rain shower,29.5,213,11,1002.0,1.28,89,90,12.7,12.9,1,10.0,3.0,14,5,0,1
14.1,Light rain shower,29.5,212,11,1002.0,1.13,90,97,11.9,12.5,1,10.0,3.0,15,5,0,1
13.9,Light rain shower,28.8,210,11,1002.0,1.2,91,85,11.7,12.4,1,10.0,3.0,16,5,0,1
13.6,Light rain shower,29.9,217,12,1002.0,1.42,90,66,11.3,12.1,1,10.0,3.0,17,5,0,1
13.4,Light rain shower,29.9,219,12,1002.0,0.83,90,52,11.0,11.7,1,10.0,0.0,18,5,0,1
13.1,Light rain shower,29.9,223,12,1003.0,0.78,88,67,10.6,11.2,1,10.0,0.0,19,5,0,1
12.7,Patchy rain possible,31.3,228,12,1003.0,0.71,87,85,10.0,10.5,1,9.0,0.0,20,5,0,1
12.3,Light rain shower,30.6,233,12,1003.0,0.55,88,55,9.6,10.4,1,10.0,0.0,21,5,0,1
12.0,Light rain shower,29.9,235,12,1003.0,0.43,88,67,9.2,10.2,1,10.0,0.0,22,5,0,1
11.9,Light rain shower,28.8,244,15,1004.0,0.54,87,92,9.1,9.9,1,10.0,0.0,23,5,0,1
11.6,Light rain shower,25.9,255,15,1004.0,0.41,86,92,9.0,9.4,1,10.0,0.0,0,6,0,1
11.3,Light rain shower,23.8,264,13,1004.0,0.4,85,100,8.7,8.8,1,10.0,0.0,1,6,0,1
11.2,Light rain shower,22.0,268,13,1004.0,0.41,86,100,8.7,8.9,1,10.0,0.0,2,6,0,1
10.9,Light rain shower,23.4,283,14,1005.0,0.92,89,100,8.2,9.1,1,10.0,0.0,3,6,0,1
10.5,Light rain shower,21.6,293,14,1005.0,0.59,86,89,7.9,8.3,1,10.0,0.0,4,6,0,1
10.5,Light rain shower,20.5,305,7,1005.0,0.34,81,97,7.9,7.4,1,10.0,0.0,5,6,0,1
10.2,Light rain shower,20.9,313,7,1006.0,0.16,79,77,7.6,6.6,1,10.0,0.0,6,6,0,1
9.7,Patchy rain possible,16.2,313,7,1007.0,0.04,79,77,7.5,6.3,0,10.0,0.0,7,6,1,0
8.9,Patchy rain possible,15.5,309,7,1008.0,0.17,82,73,6.5,6.0,1,9.0,0.0,8,6,0,1
9.2,Patchy rain possible,11.5,308,7,1009.0,0.19,82,88,7.4,6.3,1,9.0,2.0,9,6,0,1
10.4,Patchy rain possible,18.4,300,14,1010.0,0.62,80,72,8.1,7.1,1,9.0,3.0,10,6,0,1
10.8,Light rain shower,20.2,304,7,1011.0,0.55,79,63,8.4,7.4,1,10.0,3.0,11,6,0,1
11.6,Patchy rain possible,20.5,298,14,1011.0,0.26,73,80,9.4,6.9,1,9.0,3.0,12,6,0,1
11.8,Patchy rain possible,21.6,299,14,1012.0,0.24,70,72,9.5,6.5,1,9.0,3.0,13,6,0,1
11.5,Patchy rain possible,21.2,294,14,1011.0,0.33,71,77,9.2,6.5,1,9.0,3.0,14,6,0,1
11.3,Patchy rain possible,20.2,292,14,1012.0,0.33,72,85,9.1,6.6,1,9.0,3.0,15,6,0,1
10.7,Patchy rain possible,18.7,293,14,1013.0,0.19,74,72,8.4,6.3,1,9.0,3.0,16,6,0,1
9.6,Patchy rain possible,15.5,288,14,1014.0,0.1,77,83,7.4,5.9,1,10.0,2.0,17,6,0,1
8.8,Patchy rain possible,11.5,281,14,1015.0,0.07,81,87,7.0,5.8,0,10.0,0.0,18,6,1,0
8.5,Patchy rain possible,9.7,268,13,1015.0,0.08,84,56,6.9,6.0,0,10.0,0.0,19,6,1,0
8.3,Patchy rain possible,7.9,259,13,1016.0,0.11,86,58,7.0,6.1,1,10.0,0.0,20,6,0,1
8.2,Light rain shower,6.1,235,12,1016.0,0.2,87,57,7.3,6.1,1,10.0,0.0,21,6,0,1
8.1,Patchy rain possible,5.4,212,11,1016.0,0.13,88,67,7.4,6.2,1,10.0,0.0,22,6,0,1
8.1,Patchy rain possible,6.8,185,8,1016.0,0.03,89,93,7.0,6.3,0,10.0,0.0,23,6,1,0
8.4,Patchy rain possible,8.3,178,8,1016.0,0.02,89,100,7.1,6.7,0,10.0,0.0,0,7,1,0
9.0,Light drizzle,9.0,181,8,1016.0,0.68,90,100,7.6,7.5,1,2.0,0.0,1,7,0,1
9.3,Light rain,11.5,181,8,1016.0,1.46,93,100,7.5,8.3,1,9.0,0.0,2,7,0,1
9.7,Moderate rain,13.7,183,8,1015.0,2.65,94,100,7.7,8.8,1,7.0,0.0,3,7,0,1
10.0,Light rain,15.8,182,8,1015.0,2.02,95,100,7.8,9.2,1,9.0,0.0,4,7,0,1
10.9,Light rain,20.9,196,11,1014.0,1.11,95,100,8.5,10.1,1,9.0,0.0,5,7,0,1
12.0,Moderate rain,26.3,203,11,1013.0,2.86,94,100,9.4,11.1,1,7.0,0.0,6,7,0,1
12.7,Light drizzle,29.9,206,11,1013.0,0.49,93,100,10.2,11.7,1,2.0,0.0,7,7,0,1
13.4,Light rain shower,31.0,207,11,1013.0,0.45,94,100,11.0,12.4,1,10.0,0.0,8,7,0,1
13.9,Moderate rain,32.4,207,11,1013.0,3.34,95,100,11.5,13.2,1,7.0,3.0,9,7,0,1
14.1,Light rain,33.8,212,11,1013.0,2.41,95,100,11.8,13.4,1,9.0,3.0,10,7,0,1
14.2,Moderate rain,33.8,215,12,1014.0,3.51,96,100,11.9,13.6,1,7.0,3.0,11,7,0,1
14.4,Moderate rain,34.2,219,12,1014.0,3.86,97,100,12.1,13.9,1,7.0,3.0,12,7,0,1
14.4,Moderate rain,32.0,219,12,1014.0,3.82,97,100,12.3,14.0,1,7.0,3.0,13,7,0,1
14.4,Moderate rain,31.3,219,12,1013.0,2.81,96,100,12.3,13.9,1,7.0,3.0,14,7,0,1
14.3,Light rain shower,31.0,217,12,1014.0,0.93,96,100,12.2,13.7,1,10.0,3.0,15,7,0,1
14.4,Light rain shower,29.2,214,12,1014.0,0.51,95,100,12.3,13.7,1,10.0,3.0,16,7,0,1
14.3,Light rain shower,27.7,211,11,1014.0,0.39,95,100,12.4,13.6,1,10.0,3.0,17,7,0,1
14.2,Light rain shower,27.0,204,11,1014.0,0.32,95,100,12.2,13.5,1,10.0,0.0,18,7,0,1
14.2,Light rain shower,26.3,202,11,1015.0,0.54,95,100,12.2,13.4,1,10.0,0.0,19,7,0,1
14.0,Light rain shower,26.6,197,11,1015.0,0.35,95,100,11.9,13.1,1,10.0,0.0,20,7,0,1
14.1,Light rain shower,27.0,191,11,1015.0,0.19,94,100,12.0,13.2,1,10.0,0.0,21,7,0,1
14.4,Patchy rain possible,28.4,188,8,1015.0,0.11,94,100,12.5,13.5,1,10.0,0.0,22,7,0,1
14.3,Light rain shower,29.2,188,8,1015.0,0.16,93,100,12.2,13.2,1,10.0,0.0,23,7,0,1
14.2,Patchy rain possible,31.0,185,8,1015.0,0.13,94,100,12.0,13.2,1,10.0,0.0,0,8,0,1
14.0,Patchy rain possible,32.4,180,8,1013.0,0.06,93,100,11.7,12.9,0,10.0,0.0,1,8,1,0
13.9,Patchy rain possible,32.4,179,8,1013.0,0.06,91,100,11.6,12.5,0,10.0,0.0,2,8,1,0
14.0,Patchy rain possible,32.4,183,8,1012.0,0.11,89,100,11.7,12.3,1,10.0,0.0,3,8,0,1
14.0,Patchy rain possible,33.8,178,8,1011.0,0.05,88,100,11.5,12.0,0,10.0,0.0,4,8,1,0
13.9,Patchy rain possible,36.7,177,8,1010.0,0.07,86,100,11.3,11.7,0,10.0,0.0,5,8,1,0
13.8,Light rain shower,38.9,174,8,1009.0,0.56,86,100,11.1,11.5,1,10.0,0.0,6,8,0,1
13.6,Heavy rain,34.6,187,8,1008.0,4.6,89,100,11.0,11.8,1,8.3,0.0,7,8,0,1
13.3,Light rain shower,29.9,200,11,1008.0,8.7,92,100,10.9,12.1,1,6.7,0.0,8,8,0,1
13.1,Heavy rain,25.6,214,12,1007.0,12.74,96,100,10.9,12.4,1,5.0,3.0,9,8,0,1
13.4,Light rain shower,25.6,217,12,1008.0,8.7,94,86,11.2,12.4,1,6.7,3.0,10,8,0,1
13.7,Heavy rain,25.2,220,12,1010.0,4.7,91,72,11.6,12.3,1,8.3,3.0,11,8,0,1
13.9,Light rain shower,25.2,224,12,1011.0,0.75,89,57,12.0,12.2,1,10.0,3.0,12,8,0,1
13.7,Light rain shower,24.5,225,12,1011.0,0.9,88,72,11.8,11.8,1,10.0,3.0,13,8,0,1
13.5,Light rain shower,24.1,227,12,1011.0,1.0,88,86,11.6,11.5,1,10.0,3.0,14,8,0,1
13.3,Light rain shower,23.4,228,12,1011.0,1.06,87,100,11.3,11.2,1,10.0,3.0,15,8,0,1
13.1,Light rain shower,23.0,229,12,1011.0,1.1,87,91,11.0,10.9,1,10.0,3.0,16,8,0,1
12.8,Light rain shower,22.7,230,12,1011.0,1.1,87,82,10.7,10.6,1,10.0,3.0,17,8,0,1
12.5,Light rain shower,22.3,231,12,1012.0,1.06,86,73,10.4,10.3,1,10.0,0.0,18,8,0,1
12.3,Light rain shower,22.0,228,12,1012.0,1.0,87,75,10.2,10.2,1,10.0,0.0,19,8,0,1
12.2,Light rain shower,22.0,226,12,1013.0,1.0,87,77,10.0,10.1,1,10.0,0.0,20,8,0,1
12.0,Light rain shower,21.6,223,12,1013.0,0.92,87,79,9.8,10.0,1,10.0,0.0,21,8,0,1
12.1,Light rain shower,23.0,223,12,1013.0,1.1,87,86,9.7,10.0,1,10.0,0.0,22,8,0,1
12.1,Light rain shower,24.8,223,12,1013.0,1.3,87,93,9.7,10.1,1,10.0,0.0,23,8,0,1
13.3,Light rain shower,21.2,236,15,1018.0,0.55,92,100,11.5,12.0,1,10.0,0.0,0,9,0,1
13.4,Light rain shower,20.2,238,15,1019.0,0.4,92,100,11.6,12.1,1,10.0,0.0,1,9,0,1
13.5,Light rain shower,19.4,237,15,1019.0,0.22,93,100,11.9,12.4,1,10.0,0.0,2,9,0,1
13.5,Light rain shower,18.4,237,15,1019.0,0.27,94,68,11.9,12.6,1,10.0,0.0,3,9,0,1
13.3,Light rain shower,15.5,238,15,1019.0,0.21,96,74,11.9,12.7,1,10.0,0.0,4,9,0,1
13.4,Light rain shower,15.1,243,15,1019.0,0.26,95,82,12.1,12.7,1,10.0,0.0,5,9,0,1
13.9,Light rain shower,12.6,236,15,1019.0,0.36,96,74,13.0,13.3,1,10.0,0.0,6,9,0,1
13.7,Light rain shower,11.2,227,12,1020.0,0.45,96,70,12.9,13.2,1,10.0,0.0,7,9,0,1
13.4,Light rain shower,9.7,215,12,1021.0,0.39,97,59,12.8,12.9,1,10.0,0.0,8,9,0,1
13.7,Light rain shower,10.1,199,11,1021.0,0.3,96,57,13.0,13.0,1,10.0,3.0,9,9,0,1
14.2,Light rain shower,12.6,189,8,1022.0,0.35,93,65,13.3,13.1,1,10.0,3.0,10,9,0,1
14.0,Light rain shower,15.1,180,8,1023.0,0.32,94,92,12.8,13.1,1,10.0,3.0,11,9,0,1
13.9,Light rain shower,16.2,182,8,1023.0,0.27,94,98,12.6,12.9,1,10.0,3.0,12,9,0,1
14.0,Light rain shower,17.3,189,8,1023.0,0.26,92,94,12.6,12.7,1,10.0,3.0,13,9,0,1
14.2,Light rain shower,16.9,192,11,1022.0,0.15,91,77,13.0,12.9,1,10.0,3.0,14,9,0,1
14.3,Light rain shower,15.5,193,11,1023.0,0.16,91,64,13.2,12.9,1,10.0,3.0,15,9,0,1
13.9,Patchy rain possible,14.4,190,8,1023.0,0.14,93,54,12.8,12.8,1,10.0,3.0,16,9,0,1
13.4,Mist,12.2,184,8,1023.0,0.05,95,55,12.4,12.6,0,2.0,3.0,17,9,1,0
12.6,Mist,11.2,168,10,1024.0,0.01,96,57,11.6,12.1,0,2.0,0.0,18,9,1,0
12.3,Mist,10.1,153,10,1024.0,0.01,96,56,11.3,11.6,0,2.0,0.0,19,9,1,0
12.2,Mist,10.1,149,10,1024.0,0.0,95,51,11.2,11.5,0,2.0,0.0,20,9,1,0
12.3,Mist,10.1,145,9,1024.0,0.0,95,55,11.4,11.5,0,2.0,0.0,21,9,1,0
12.3,Mist,10.4,139,9,1024.0,0.0,95,78,11.3,11.5,0,2.0,0.0,22,9,1,0
12.3,Mist,10.4,137,9,1024.0,0.0,94,98,11.3,11.4,0,2.0,0.0,23,9,1,0
11.7,Partly cloudy,9.4,137,9,1026.0,0.0,93,59,10.8,10.7,0,10.0,0.0,0,10,1,0
11.6,Cloudy,8.3,139,9,1026.0,0.0,93,81,10.9,10.6,0,10.0,0.0,1,10,0,0
11.5,Overcast,9.0,137,9,1026.0,0.0,93,100,10.6,10.5,0,10.0,0.0,2,10,1,0
11.9,Overcast,9.7,134,9,1026.0,0.0,92,100,10.9,10.7,0,10.0,0.0,3,10,1,0
12.1,Overcast,8.6,131,9,1026.0,0.0,92,100,11.3,10.8,0,10.0,0.0,4,10,0,0
12.2,Overcast,8.6,132,9,1025.0,0.0,91,100,11.5,10.8,0,10.0,0.0,5,10,0,0
12.3,Overcast,8.6,139,9,1025.0,0.0,91,100,11.6,10.8,0,10.0,0.0,6,10,0,0
12.5,Overcast,9.0,143,9,1026.0,0.0,90,100,11.7,10.9,0,10.0,0.0,7,10,1,0
12.6,Overcast,9.7,142,9,1026.0,0.0,90,100,11.8,11.1,0,10.0,0.0,8,10,1,0
12.7,Overcast,10.4,141,9,1026.0,0.0,90,100,11.8,11.2,0,10.0,3.0,9,10,1,0
13.2,Patchy rain possible,10.1,150,10,1027.0,0.01,90,100,12.4,11.6,0,10.0,3.0,10,10,1,0
13.5,Patchy rain possible,11.2,162,10,1028.0,0.01,91,100,12.7,12.0,0,10.0,3.0,11,10,1,0
13.7,Overcast,12.2,162,10,1027.0,0.0,91,100,12.7,12.3,0,10.0,3.0,12,10,1,0
14.3,Overcast,12.2,167,10,1027.0,0.0,91,100,13.5,12.8,0,10.0,3.0,13,10,1,0
14.4,Patchy rain possible,11.9,169,8,1026.0,0.01,92,100,13.7,13.1,0,10.0,3.0,14,10,1,0
14.4,Patchy rain possible,11.9,172,8,1026.0,0.05,93,100,13.6,13.2,0,10.0,3.0,15,10,1,0
14.3,Light drizzle,12.6,175,8,1026.0,0.37,94,100,13.4,13.4,1,2.0,3.0,16,10,0,1
14.2,Light rain shower,12.6,173,8,1026.0,0.19,95,100,13.4,13.5,1,10.0,3.0,17,10,0,1
14.3,Light drizzle,11.9,181,8,1027.0,0.59,96,100,13.5,13.7,1,2.0,0.0,18,10,0,1
14.2,Light rain shower,11.2,186,8,1027.0,0.55,97,100,13.6,13.7,1,10.0,0.0,19,10,0,1
14.2,Light rain shower,11.5,198,11,1028.0,1.56,97,100,13.4,13.8,1,10.0,0.0,20,10,0,1
14.2,Light rain shower,10.1,193,11,1028.0,0.98,98,100,13.6,13.9,1,10.0,0.0,21,10,0,1
14.2,Light rain shower,9.7,170,8,1027.0,0.91,99,100,13.7,14.1,1,10.0,0.0,22,10,0,1
14.4,Light rain shower,6.5,167,10,1028.0,1.25,99,100,14.4,14.2,1,10.0,0.0,23,10,0,1
14.4,Light rain shower,7.9,209,11,1028.0,1.01,99,100,14.2,14.3,1,10.0,0.0,0,11,0,1
14.5,Light rain shower,7.6,200,11,1028.0,0.73,99,100,14.3,14.3,1,10.0,0.0,1,11,0,1
14.5,Light rain shower,7.2,185,8,1027.0,0.81,99,100,14.5,14.4,1,10.0,0.0,2,11,0,1
14.5,Light rain shower,2.9,256,15,1028.0,0.73,99,100,14.5,14.3,1,10.0,0.0,3,11,0,1
14.5,Light rain shower,0.7,297,14,1028.0,0.4,99,100,14.6,14.3,1,10.0,0.0,4,11,0,1
14.5,Light rain shower,1.8,110,2,1028.0,0.28,99,100,14.5,14.3,1,10.0,0.0,5,11,0,1
14.5,Fog,3.6,155,10,1028.0,0.06,99,100,15.2,14.4,0,0.0,0.0,6,11,1,0
14.5,Fog,2.5,155,10,1028.0,0.01,99,100,14.5,14.3,0,0.0,0.0,7,11,1,0
14.5,Fog,2.5,163,10,1028.0,0.03,99,100,14.5,14.3,0,0.0,0.0,8,11,1,0
14.7,Fog,3.6,206,11,1029.0,0.15,98,100,15.4,14.5,1,0.0,3.0,9,11,0,1
14.9,Fog,1.4,164,10,1030.0,0.04,98,100,14.9,14.6,0,0.0,3.0,10,11,1,0
15.5,Mist,3.2,139,9,1030.0,0.01,95,82,15.5,14.7,0,2.0,4.0,11,11,1,0
16.3,Patchy rain possible,2.2,209,11,1030.0,0.05,91,64,16.3,14.9,0,10.0,4.0,12,11,1,0
16.6,Patchy rain possible,3.6,270,13,1030.0,0.07,89,82,16.6,14.8,0,10.0,4.0,13,11,1,0
16.7,Patchy rain possible,4.7,279,13,1029.0,0.04,88,81,16.7,14.7,0,10.0,4.0,14,11,1,0
16.8,Patchy rain possible,6.5,297,14,1029.0,0.02,87,57,16.8,14.7,0,10.0,4.0,15,11,1,0
16.4,Patchy rain possible,6.8,304,7,1029.0,0.02,89,61,16.4,14.6,0,10.0,4.0,16,11,1,0
15.5,Partly cloudy,7.6,315,7,1029.0,0.0,91,52,15.6,14.1,0,10.0,5.0,17,11,1,0
15.0,Partly cloudy,6.1,331,6,1030.0,0.0,92,37,15.0,13.7,0,10.0,0.0,18,11,0,0
14.5,Clear,5.4,337,6,1030.0,0.0,92,20,14.8,13.3,0,10.0,0.0,19,11,0,0
13.9,Mist,5.8,339,6,1031.0,0.0,94,28,14.0,12.9,0,2.0,0.0,20,11,0,0
13.3,Mist,5.8,347,6,1031.0,0.0,95,38,13.3,12.6,0,2.0,0.0,21,11,0,0
12.9,Mist,6.1,18,5,1031.0,0.0,96,46,12.8,12.3,0,2.0,0.0,22,11,0,0
12.6,Mist,6.5,24,5,1031.0,0.0,96,39,12.3,11.9,0,2.0,0.0,23,11,0,0
11.9,Mist,5.4,25,5,1031.0,0.0,95,28,11.9,11.1,0,2.0,0.0,0,12,0,0
11.4,Mist,6.1,52,4,1031.0,0.0,95,27,11.1,10.6,0,2.0,0.0,1,12,0,0
11.2,Mist,5.4,57,1,1030.0,0.0,94,20,11.0,10.3,0,2.0,0.0,2,12,0,0
10.8,Clear,5.8,56,1,1031.0,0.0,94,10,10.4,9.8,0,10.0,0.0,3,12,0,0
10.4,Clear,6.5,64,1,1030.0,0.0,93,10,9.8,9.3,0,10.0,0.0,4,12,0,0
10.0,Clear,6.8,61,1,1030.0,0.0,91,6,9.3,8.7,0,10.0,0.0,5,12,0,0
9.7,Clear,6.8,57,1,1030.0,0.0,90,6,8.9,8.1,0,10.0,0.0,6,12,0,0
9.4,Clear,7.2,65,1,1030.0,0.0,88,7,8.5,7.6,0,10.0,0.0,7,12,0,0
9.1,Clear,7.9,63,1,1030.0,0.0,87,5,8.0,7.1,0,10.0,0.0,8,12,0,0
9.8,Sunny,7.2,60,1,1030.0,0.0,84,3,8.9,7.2,0,10.0,3.0,9,12,0,0
11.8,Sunny,6.5,61,1,1031.0,0.0,77,3,11.4,7.9,0,10.0,4.0,10,12,0,0
13.6,Sunny,5.0,65,1,1031.0,0.0,69,2,13.8,8.0,0,10.0,4.0,11,12,0,0
15.1,Sunny,5.0,59,1,1030.0,0.0,63,2,15.1,8.0,0,10.0,5.0,12,12,0,0
16.3,Sunny,4.0,65,1,1030.0,0.0,58,1,16.3,8.0,0,10.0,5.0,13,12,0,0
16.7,Sunny,2.9,62,1,1029.0,0.0,56,3,16.7,8.0,0,10.0,5.0,14,12,0,0
16.7,Sunny,1.8,357,3,1029.0,0.0,58,3,16.7,8.4,0,10.0,5.0,15,12,0,0
15.8,Sunny,4.7,323,7,1029.0,0.0,67,4,15.8,9.8,0,10.0,5.0,16,12,0,0
13.4,Sunny,5.4,331,6,1029.0,0.0,74,3,13.6,8.9,0,10.0,4.0,17,12,0,0
11.9,Clear,5.8,20,5,1029.0,0.0,79,2,11.7,8.3,0,10.0,0.0,18,12,0,0
11.2,Clear,6.8,43,4,1030.0,0.0,81,2,10.7,8.0,0,10.0,0.0,19,12,0,0
10.5,Clear,8.6,63,1,1030.0,0.0,83,2,9.5,7.7,0,10.0,0.0,20,12,0,0
9.8,Clear,9.0,68,1,1030.0,0.0,83,2,8.5,7.1,0,10.0,0.0,21,12,0,0
9.0,Clear,9.0,67,1,1030.0,0.0,83,2,7.6,6.3,0,10.0,0.0,22,12,0,0
8.2,Clear,9.0,71,1,1030.0,0.0,82,3,6.7,5.3,0,10.0,0.0,23,12,0,0
8.5,Clear,7.9,69,1,1030.0,0.0,80,16,7.3,5.2,0,10.0,0.0,0,13,0,0
8.1,Clear,9.0,76,1,1029.0,0.0,80,3,6.5,4.8,0,10.0,0.0,1,13,0,0
7.9,Clear,8.6,82,0,1029.0,0.0,80,4,6.4,4.7,0,10.0,0.0,2,13,0,0
7.2,Clear,9.0,80,0,1029.0,0.0,81,5,5.5,4.2,0,10.0,0.0,3,13,0,0
6.9,Clear,8.3,75,1,1029.0,0.0,81,4,5.3,4.0,0,10.0,0.0,4,13,0,0
6.6,Clear,8.6,76,1,1029.0,0.0,81,4,4.9,3.7,0,10.0,0.0,5,13,0,0
6.4,Clear,8.6,73,1,1029.0,0.0,80,6,4.6,3.1,0,10.0,0.0,6,13,0,0
6.0,Clear,9.0,78,1,1029.0,0.0,78,7,4.0,2.4,0,10.0,0.0,7,13,0,0
5.9,Sunny,9.4,80,0,1029.0,0.0,76,7,3.8,1.9,0,10.0,3.0,8,13,0,0
7.4,Sunny,9.4,76,1,1029.0,0.0,71,7,5.6,2.6,0,10.0,3.0,9,13,0,0
9.9,Sunny,7.6,69,1,1030.0,0.0,62,7,9.0,3.1,0,10.0,3.0,10,13,0,0
11.9,Sunny,7.6,82,0,1030.0,0.0,55,7,11.3,3.1,0,10.0,4.0,11,13,0,0
13.5,Sunny,6.5,81,0,1029.0,0.0,49,10,13.3,3.1,0,10.0,4.0,12,13,0,0
14.2,Sunny,5.0,73,1,1029.0,0.0,48,11,14.6,3.3,0,10.0,4.0,13,13,0,0
14.3,Sunny,3.6,59,1,1028.0,0.0,49,14,15.1,3.8,0,10.0,4.0,14,13,0,0
13.9,Sunny,3.6,52,4,1028.0,0.0,53,14,14.6,4.6,0,10.0,4.0,15,13,0,0
13.2,Sunny,4.0,23,5,1028.0,0.0,61,12,13.6,5.8,0,10.0,4.0,16,13,0,0
11.6,Sunny,5.4,17,5,1027.0,0.0,64,16,11.5,5.2,0,10.0,4.0,17,13,0,0
10.6,Clear,6.5,36,4,1027.0,0.0,66,10,10.0,4.6,0,10.0,0.0,18,13,0,0
9.6,Clear,7.2,58,1,1027.0,0.0,69,7,8.7,4.2,0,10.0,0.0,19,13,0,0
9.2,Clear,7.2,59,1,1028.0,0.0,69,8,8.2,3.8,0,10.0,0.0,20,13,0,0
8.7,Clear,7.6,69,1,1028.0,0.0,68,8,7.6,3.1,0,10.0,0.0,21,13,0,0
8.3,Clear,7.2,58,1,1028.0,0.0,66,11,7.2,2.3,0,10.0,0.0,22,13,0,0
7.7,Clear,8.3,66,1,1028.0,0.0,64,12,6.3,1.4,0,10.0,0.0,23,13,0,0
7.7,Clear,7.9,70,1,1029.0,0.0,61,11,6.4,0.7,0,10.0,0.0,0,14,0,0
7.3,Clear,8.3,66,1,1029.0,0.0,59,10,5.8,-0.0,0,10.0,0.0,1,14,0,0
7.1,Clear,9.0,73,1,1028.0,0.0,58,7,5.4,-0.6,0,10.0,0.0,2,14,0,0
6.9,Clear,8.6,80,0,1028.0,0.0,57,5,5.2,-1.1,0,10.0,0.0,3,14,0,0
6.5,Clear,8.6,78,1,1028.0,0.0,56,4,4.7,-1.6,0,10.0,0.0,4,14,0,0
6.1,Cloudy,8.6,77,1,1028.0,0.0,56,87,4.2,-1.9,0,10.0,0.0,5,14,0,0
5.5,Partly cloudy,8.6,81,0,1029.0,0.0,56,30,3.6,-2.4,0,10.0,0.0,6,14,0,0
5.2,Partly cloudy,9.0,84,0,1029.0,0.0,57,32,3.1,-2.6,0,10.0,0.0,7,14,0,0
5.2,Partly cloudy,9.4,85,0,1030.0,0.0,57,56,3.1,-2.6,0,10.0,3.0,8,14,0,0
6.0,Partly cloudy,9.0,85,0,1030.0,0.0,57,37,4.1,-1.9,0,10.0,3.0,9,14,0,0
8.2,Sunny,7.9,87,0,1030.0,0.0,53,15,6.9,-0.7,0,10.0,3.0,10,14,0,0
10.5,Sunny,7.6,97,0,1031.0,0.0,45,8,9.7,-1.0,0,10.0,4.0,11,14,0,0
12.2,Sunny,6.5,115,2,1030.0,0.0,40,8,11.9,-1.1,0,10.0,4.0,12,14,0,0
13.2,Sunny,5.4,118,2,1030.0,0.0,36,10,13.3,-1.3,0,10.0,4.0,13,14,0,0
13.7,Sunny,4.7,132,9,1029.0,0.0,36,12,14.0,-1.0,0,10.0,4.0,14,14,0,0
13.7,Sunny,4.7,159,10,1029.0,0.0,39,14,14.1,0.1,0,10.0,4.0,15,14,0,0
12.9,Sunny,2.9,206,11,1030.0,0.0,49,17,12.9,2.3,0,10.0,4.0,16,14,0,0
10.1,Sunny,2.2,271,13,1030.0,0.0,53,19,10.2,0.9,0,10.0,4.0,17,14,0,0
8.5,Partly cloudy,2.2,347,6,1030.0,0.0,55,58,8.5,0.1,0,10.0,0.0,18,14,0,0
7.9,Partly cloudy,4.0,46,4,1031.0,0.0,58,27,7.7,0.2,0,10.0,0.0,19,14,0,0
7.4,Partly cloudy,5.8,60,1,1031.0,0.0,61,32,6.5,0.3,0,10.0,0.0,20,14,0,0
6.7,Partly cloudy,6.1,73,1,1032.0,0.0,62,39,5.7,0.1,0,10.0,0.0,21,14,0,0
6.3,Partly cloudy,6.5,76,1,1032.0,0.0,62,43,5.0,-0.4,0,10.0,0.0,22,14,0,0
5.6,Partly cloudy,6.8,74,1,1032.0,0.0,62,33,4.2,-1.1,0,10.0,0.0,23,14,0,0
5.5,Cloudy,7.2,77,1,1032.0,0.0,60,79,4.0,-1.7,0,10.0,0.0,0,15,0,0
5.4,Partly cloudy,7.2,74,1,1032.0,0.0,57,34,3.8,-2.4,0,10.0,0.0,1,15,0,0
5.2,Clear,6.8,72,1,1031.0,0.0,55,10,3.7,-3.0,0,10.0,0.0,2,15,0,0
4.8,Clear,6.1,67,1,1032.0,0.0,54,12,3.4,-3.6,0,10.0,0.0,3,15,0,0
4.4,Clear,6.8,72,1,1031.0,0.0,54,15,2.8,-4.1,0,10.0,0.0,4,15,0,0
4.0,Clear,6.8,83,0,1031.0,0.0,53,19,2.3,-4.8,0,10.0,0.0,5,15,0,0
3.6,Partly cloudy,6.5,75,1,1031.0,0.0,52,33,2.0,-5.2,0,10.0,0.0,6,15,0,0
3.6,Partly cloudy,6.5,69,1,1031.0,0.0,52,37,2.0,-5.3,0,10.0,0.0,7,15,0,0
3.9,Overcast,6.1,69,1,1031.0,0.0,51,92,2.4,-5.3,0,10.0,1.0,8,15,0,0
5.1,Overcast,6.5,70,1,1031.0,0.0,51,100,3.7,-4.1,0,10.0,2.0,9,15,0,0
7.1,Overcast,4.7,74,1,1031.0,0.0,48,100,6.6,-3.1,0,10.0,2.0,10,15,0,0
8.9,Overcast,3.6,73,1,1031.0,0.0,43,100,9.1,-2.8,0,10.0,2.0,11,15,0,0
10.6,Overcast,1.8,22,5,1030.0,0.0,41,97,10.6,-2.0,0,10.0,3.0,12,15,0,0
11.7,Sunny,3.6,340,6,1029.0,0.0,41,16,12.1,-1.1,0,10.0,4.0,13,15,0,0
12.4,Sunny,5.0,317,7,1028.0,0.0,42,0,12.5,-0.0,0,10.0,4.0,14,15,0,0
12.2,Sunny,5.8,319,7,1028.0,0.0,45,0,12.0,0.8,0,10.0,4.0,15,15,0,0
11.9,Sunny,6.5,315,7,1028.0,0.0,57,0,11.5,3.7,0,10.0,4.0,16,15,0,0
9.5,Sunny,5.8,328,6,1028.0,0.0,65,0,9.0,3.4,0,10.0,3.0,17,15,0,0
7.4,Clear,5.8,352,3,1028.0,0.0,71,0,6.6,2.5,0,10.0,0.0,18,15,0,0
6.9,Clear,6.5,20,5,1028.0,0.0,73,0,5.8,2.4,0,10.0,0.0,19,15,0,0
6.3,Clear,6.5,45,4,1028.0,0.0,74,0,5.1,2.0,0,10.0,0.0,20,15,0,0
5.7,Clear,6.1,54,4,1028.0,0.0,75,0,4.5,1.6,0,10.0,0.0,21,15,0,0
5.3,Clear,5.8,66,1,1028.0,0.0,75,0,4.1,1.3,0,10.0,0.0,22,15,0,0
5.1,Clear,5.8,71,1,1028.0,0.0,75,0,4.0,1.1,0,10.0,0.0,23,15,0,0
4.5,Clear,5.4,68,1,1028.0,0.0,74,0,3.3,0.2,0,10.0,0.0,0,16,0,0
4.3,Clear,5.0,65,1,1028.0,0.0,74,0,3.3,0.1,0,10.0,0.0,1,16,0,0
4.3,Clear,6.1,69,1,1027.0,0.0,73,0,2.9,-0.1,0,10.0,0.0,2,16,0,0
4.4,Clear,5.8,63,1,1027.0,0.0,71,0,3.1,-0.3,0,10.0,0.0,3,16,0,0
4.2,Clear,6.5,70,1,1026.0,0.0,70,0,2.6,-0.8,0,10.0,0.0,4,16,0,0
4.0,Clear,5.8,73,1,1026.0,0.0,68,0,2.7,-1.4,0,10.0,0.0,5,16,0,0
3.8,Clear,5.8,69,1,1026.0,0.0,65,0,2.5,-2.1,0,10.0,0.0,6,16,0,0
3.7,Clear,5.8,66,1,1025.0,0.0,63,0,2.3,-2.7,0,10.0,0.0,7,16,0,0
3.9,Sunny,6.1,72,1,1026.0,0.0,61,0,2.4,-2.9,0,10.0,2.0,8,16,0,0
5.5,Sunny,5.8,77,1,1026.0,0.0,58,0,4.4,-2.0,0,10.0,3.0,9,16,0,0
8.1,Sunny,3.6,80,0,1026.0,0.0,51,0,8.1,-1.3,0,10.0,3.0,10,16,0,0
10.3,Sunny,2.9,104,2,1026.0,0.0,46,0,10.3,-0.8,0,10.0,4.0,11,16,0,0
11.9,Sunny,1.1,172,8,1025.0,0.0,43,0,11.9,-0.3,0,10.0,4.0,12,16,0,0
12.8,Sunny,2.5,249,15,1024.0,0.0,42,0,12.8,0.2,0,10.0,4.0,13,16,0,0
13.1,Sunny,3.2,270,13,1023.0,0.0,42,0,13.8,0.7,0,10.0,4.0,14,16,0,0
12.7,Sunny,3.6,277,13,1023.0,0.0,45,0,13.3,1.2,0,10.0,4.0,15,16,0,0
12.0,Sunny,4.3,286,14,1023.0,0.0,56,0,12.2,3.5,0,10.0,4.0,16,16,0,0
9.4,Sunny,4.3,303,14,1023.0,0.0,63,0,9.3,2.8,0,10.0,3.0,17,16,0,0
7.6,Clear,3.6,331,6,1023.0,0.0,68,0,7.6,2.1,0,10.0,0.0,18,16,0,0
7.1,Clear,4.3,26,5,1023.0,0.0,70,0,6.7,2.0,0,10.0,0.0,19,16,0,0
6.7,Clear,5.0,49,4,1023.0,0.0,71,0,6.0,1.9,0,10.0,0.0,20,16,0,0
6.3,Clear,5.0,64,1,1023.0,0.0,72,0,5.6,1.8,0,10.0,0.0,21,16,0,0
6.1,Clear,5.8,82,0,1023.0,0.0,74,0,5.1,1.8,0,10.0,0.0,22,16,0,0
6.1,Clear,6.5,94,0,1023.0,0.0,74,0,4.8,1.8,0,10.0,0.0,23,16,0,0
6.4,Clear,9.0,89,0,1023.0,0.0,74,3,4.5,2.2,0,10.0,0.0,0,17,0,0
6.4,Clear,10.4,91,0,1024.0,0.0,73,5,4.2,1.8,0,10.0,0.0,1,17,0,0
6.6,Clear,13.0,91,0,1024.0,0.0,67,3,4.1,0.9,0,10.0,0.0,2,17,0,0
7.1,Clear,16.2,94,0,1024.0,0.0,64,4,4.1,0.7,0,10.0,0.0,3,17,0,0
6.7,Clear,16.2,91,0,1024.0,0.0,66,4,3.6,0.7,0,10.0,0.0,4,17,0,0
5.8,Clear,14.8,93,0,1025.0,0.0,68,3,2.8,0.5,0,10.0,0.0,5,17,0,0
5.0,Clear,13.7,103,2,1026.0,0.0,72,0,1.9,0.4,0,10.0,0.0,6,17,0,0
4.5,Clear,12.6,100,0,1026.0,0.0,74,0,1.6,0.3,0,10.0,0.0,7,17,0,0
4.2,Sunny,13.0,90,0,1027.0,0.0,76,0,1.2,0.4,0,10.0,2.0,8,17,0,0
5.3,Sunny,11.9,91,0,1027.0,0.0,74,0,2.6,1.0,0,10.0,3.0,9,17,0,0
7.9,Sunny,11.9,93,0,1028.0,0.0,64,0,5.8,1.7,0,10.0,3.0,10,17,0,0
10.1,Sunny,14.0,96,0,1028.0,0.0,57,0,8.2,2.1,0,10.0,4.0,11,17,0,0
11.7,Sunny,16.6,98,0,1028.0,0.0,52,0,9.9,2.4,0,10.0,4.0,12,17,0,0
12.8,Sunny,16.6,102,2,1027.0,0.0,49,0,11.2,2.4,0,10.0,4.0,13,17,0,0
13.1,Sunny,14.8,108,2,1026.0,0.0,47,0,11.8,2.1,0,10.0,4.0,14,17,0,0
12.9,Sunny,13.0,112,2,1026.0,0.0,49,0,11.7,2.5,0,10.0,4.0,15,17,0,0
12.1,Sunny,11.9,115,2,1026.0,0.0,53,0,10.9,2.9,0,10.0,4.0,16,17,0,0
9.9,Sunny,9.7,108,2,1027.0,0.0,62,0,8.6,2.9,0,10.0,3.0,17,17,0,0
7.8,Clear,10.1,97,0,1027.0,0.0,67,0,5.9,2.0,0,10.0,0.0,18,17,0,0
6.8,Clear,11.2,93,0,1028.0,0.0,70,0,4.7,1.8,0,10.0,0.0,19,17,0,0
6.2,Clear,10.8,90,0,1028.0,0.0,72,0,3.9,1.6,0,10.0,0.0,20,17,0,0
5.5,Clear,10.4,88,0,1028.0,0.0,74,0,3.1,1.2,0,10.0,0.0,21,17,0,0
5.1,Clear,9.4,87,0,1028.0,0.0,74,2,2.9,0.9,0,10.0,0.0,22,17,0,0
4.7,Clear,9.0,85,0,1028.0,0.0,74,3,2.5,0.5,0,10.0,0.0,23,17,0,0
4.8,Clear,7.9,84,0,1029.0,0.0,73,0,2.9,0.4,0,10.0,0.0,0,18,0,0
4.4,Clear,8.3,81,0,1029.0,0.0,73,0,2.3,0.0,0,10.0,0.0,1,18,0,0
4.2,Clear,7.9,80,0,1028.0,0.0,73,0,2.2,-0.2,0,10.0,0.0,2,18,0,0
4.0,Clear,7.9,80,0,1028.0,0.0,73,0,1.9,-0.4,0,10.0,0.0,3,18,0,0
3.7,Clear,8.6,78,1,1028.0,0.0,74,0,1.4,-0.5,0,10.0,0.0,4,18,0,0
3.5,Clear,8.6,80,0,1028.0,0.0,74,0,1.2,-0.7,0,10.0,0.0,5,18,0,0
3.3,Clear,9.4,80,0,1028.0,0.0,74,0,0.8,-0.8,0,10.0,0.0,6,18,0,0
3.2,Clear,9.4,83,0,1028.0,0.0,75,0,0.7,-0.8,0,10.0,0.0,7,18,0,0
3.3,Sunny,9.4,84,0,1028.0,0.0,76,0,0.8,-0.5,0,10.0,2.0,8,18,0,0
5.0,Sunny,7.9,87,0,1028.0,0.0,72,0,3.1,0.5,0,10.0,2.0,9,18,0,0
7.9,Sunny,5.8,98,0,1028.0,0.0,63,0,7.2,1.5,0,10.0,3.0,10,18,0,0
10.2,Sunny,6.1,104,2,1028.0,0.0,57,0,9.6,2.1,0,10.0,4.0,11,18,0,0
11.8,Sunny,6.5,115,2,1027.0,0.0,53,0,11.4,2.5,0,10.0,4.0,12,18,0,0
12.8,Sunny,5.4,143,9,1026.0,0.0,50,0,12.9,2.6,0,10.0,4.0,13,18,0,0
12.6,Sunny,6.1,183,8,1025.0,0.0,48,0,12.4,2.1,0,10.0,4.0,14,18,0,0
12.0,Sunny,6.1,177,8,1025.0,0.0,49,0,11.7,1.7,0,10.0,4.0,15,18,0,0
11.3,Sunny,6.5,210,11,1024.0,0.0,57,0,10.9,3.2,0,10.0,4.0,16,18,0,0
8.7,Sunny,5.0,215,12,1024.0,0.0,67,0,8.3,2.9,0,10.0,3.0,17,18,0,0
6.9,Clear,3.2,198,11,1024.0,0.0,71,0,7.0,2.1,0,10.0,0.0,18,18,0,0
6.4,Clear,3.2,144,9,1025.0,0.0,73,0,6.4,2.0,0,10.0,0.0,19,18,0,0
6.0,Clear,6.1,115,2,1025.0,0.0,75,0,4.9,1.9,0,10.0,0.0,20,18,0,0
5.5,Clear,7.2,108,2,1024.0,0.0,76,0,4.0,1.7,0,10.0,0.0,21,18,0,0
5.1,Clear,7.6,101,2,1024.0,0.0,77,0,3.4,1.5,0,10.0,0.0,22,18,0,0
4.8,Clear,7.9,101,2,1024.0,0.0,78,0,2.9,1.3,0,10.0,0.0,23,18,0,0
5.6,Clear,7.9,98,0,1024.0,0.0,78,0,3.9,2.0,0,10.0,0.0,0,19,0,0
5.4,Clear,8.3,99,0,1023.0,0.0,78,0,3.5,1.8,0,10.0,0.0,1,19,0,0
5.1,Clear,7.9,102,2,1023.0,0.0,78,4,3.3,1.5,0,10.0,0.0,2,19,0,0
4.9,Clear,8.6,100,0,1022.0,0.0,77,21,2.9,1.3,0,10.0,0.0,3,19,0,0
4.7,Partly cloudy,9.0,102,2,1022.0,0.0,76,44,2.5,0.9,0,10.0,0.0,4,19,0,0
5.2,Cloudy,9.0,103,2,1021.0,0.0,73,81,3.1,0.7,0,10.0,0.0,5,19,0,0
5.4,Partly cloudy,8.6,105,2,1021.0,0.0,71,57,3.5,0.7,0,10.0,0.0,6,19,0,0
5.0,Partly cloudy,9.7,104,2,1020.0,0.0,73,45,2.8,0.6,0,10.0,0.0,7,19,0,0
5.6,Partly cloudy,9.4,106,2,1020.0,0.0,72,47,3.5,1.0,0,10.0,3.0,8,19,0,0
6.8,Partly cloudy,9.4,105,2,1020.0,0.0,70,54,5.0,1.9,0,10.0,3.0,9,19,0,0
8.3,Cloudy,9.7,107,2,1020.0,0.0,67,84,6.7,2.5,0,10.0,2.0,10,19,0,0
9.8,Overcast,10.4,113,2,1020.0,0.0,61,100,8.3,2.7,0,10.0,2.0,11,19,0,0
11.3,Overcast,10.8,137,9,1019.0,0.0,55,100,10.1,2.7,0,10.0,3.0,12,19,1,0
11.2,Patchy rain possible,12.2,151,10,1018.0,0.09,60,100,9.7,3.7,0,10.0,3.0,13,19,1,0
9.7,Light drizzle,12.2,145,9,1017.0,0.63,70,100,8.0,4.5,1,2.0,2.0,14,19,0,1
8.3,Light rain,11.5,147,10,1017.0,1.44,82,100,6.3,5.4,1,9.0,2.0,15,19,0,1
7.3,Light rain,11.2,133,9,1017.0,1.19,90,100,5.2,5.8,1,9.0,2.0,16,19,0,1
7.1,Light drizzle,10.4,116,2,1016.0,0.4,92,100,5.0,5.8,1,2.0,2.0,17,19,0,1
7.0,Patchy rain possible,11.5,108,2,1016.0,0.13,90,100,4.8,5.6,1,10.0,0.0,18,19,0,1
7.1,Light rain,13.0,119,2,1016.0,0.84,90,100,4.7,5.6,1,9.0,0.0,19,19,0,1
7.1,Light drizzle,13.0,113,2,1016.0,0.6,91,100,4.7,5.8,1,2.0,0.0,20,19,0,1
7.3,Light drizzle,11.9,119,2,1016.0,0.22,91,100,5.0,5.9,1,2.0,0.0,21,19,0,1
7.5,Light drizzle,12.6,110,2,1015.0,0.56,91,100,5.2,6.2,1,2.0,0.0,22,19,0,1
7.7,Patchy rain possible,12.6,111,2,1015.0,0.12,90,100,5.4,6.2,1,10.0,0.0,23,19,0,1
6.8,Patchy rain possible,7.2,111,2,1016.0,0.08,92,100,5.4,5.6,0,10.0,0.0,0,20,1,0
6.7,Patchy rain possible,7.9,103,2,1015.0,0.12,93,100,5.2,5.6,1,10.0,0.0,1,20,0,1
6.7,Patchy rain possible,8.6,89,0,1014.0,0.04,93,93,4.9,5.6,0,10.0,0.0,2,20,1,0
6.9,Patchy rain possible,8.6,85,0,1014.0,0.03,92,96,5.2,5.8,0,10.0,0.0,3,20,1,0
7.1,Light drizzle,8.6,91,0,1013.0,0.15,92,100,5.5,6.0,1,2.0,0.0,4,20,0,1
7.2,Patchy rain possible,9.0,92,0,1013.0,0.11,93,100,5.5,6.2,1,10.0,0.0,5,20,0,1
7.4,Patchy rain possible,8.3,92,0,1013.0,0.1,93,100,5.9,6.4,1,10.0,0.0,6,20,0,1
7.6,Patchy rain possible,8.6,96,0,1013.0,0.05,93,100,6.0,6.5,0,10.0,0.0,7,20,1,0
7.6,Light drizzle,8.6,100,0,1013.0,0.19,93,100,6.1,6.6,1,2.0,2.0,8,20,0,1
8.1,Patchy rain possible,9.7,93,0,1013.0,0.07,93,100,6.5,7.1,0,10.0,2.0,9,20,1,0
9.0,Light drizzle,9.4,99,0,1013.0,0.17,92,100,7.5,7.8,1,2.0,2.0,10,20,0,1
9.7,Patchy rain possible,10.8,93,0,1013.0,0.01,92,100,8.1,8.4,0,10.0,2.0,11,20,1,0
10.7,Overcast,9.0,96,0,1013.0,0.0,88,100,9.6,8.8,0,10.0,3.0,12,20,1,0
11.3,Patchy rain possible,7.6,111,2,1012.0,0.08,89,100,10.6,9.6,0,10.0,3.0,13,20,1,0
10.6,Overcast,10.1,91,0,1010.0,0.0,91,100,9.3,9.1,0,10.0,3.0,14,20,0,0
11.1,Patchy rain possible,6.5,109,2,1011.0,0.09,88,100,10.6,9.2,0,10.0,3.0,15,20,1,0
10.4,Patchy rain possible,6.8,104,2,1010.0,0.12,90,100,9.7,8.8,1,10.0,3.0,16,20,0,1
9.9,Patchy rain possible,10.4,91,0,1009.0,0.05,91,100,8.4,8.6,0,10.0,2.0,17,20,1,0
9.7,Light drizzle,10.8,77,1,1009.0,0.37,92,100,8.2,8.5,1,2.0,0.0,18,20,0,1
9.3,Patchy rain possible,10.4,79,0,1009.0,0.02,92,100,7.8,8.2,0,10.0,0.0,19,20,1,0
9.3,Light drizzle,11.9,85,0,1009.0,0.19,92,100,7.4,8.0,1,2.0,0.0,20,20,0,1
9.2,Light drizzle,12.2,95,0,1009.0,0.68,92,100,7.3,8.0,1,2.0,0.0,21,20,0,1
9.2,Moderate or heavy rain with thunder,9.7,108,2,1009.0,3.04,94,100,7.8,8.4,1,6.0,0.0,22,20,0,1
9.2,Light rain,11.9,76,1,1009.0,1.15,96,100,7.4,8.6,1,9.0,0.0,23,20,0,1
10.5,Light rain shower,9.7,100,0,1009.0,1.22,94,100,9.3,9.6,1,10.0,0.0,0,21,0,1
10.5,Moderate or heavy rain with thunder,8.3,117,2,1008.0,1.43,96,100,9.5,9.8,1,6.0,0.0,1,21,0,1
10.8,Moderate or heavy rain shower,7.2,123,2,1008.0,2.64,97,100,10.1,10.3,1,7.0,0.0,2,21,0,1
10.8,Light rain shower,9.0,112,2,1008.0,0.85,97,100,9.8,10.3,1,10.0,0.0,3,21,0,1
11.0,Light rain shower,9.7,134,9,1008.0,0.93,96,100,9.8,10.4,1,10.0,0.0,4,21,0,1
11.0,Light rain shower,9.4,139,9,1007.0,0.66,96,100,10.0,10.5,1,10.0,0.0,5,21,0,1
11.1,Light rain shower,9.7,127,9,1007.0,0.65,96,100,10.0,10.5,1,10.0,0.0,6,21,0,1
11.1,Mist,10.1,115,2,1007.0,0.06,95,100,9.9,10.3,0,2.0,0.0,7,21,1,0
11.5,Mist,9.4,118,2,1007.0,0.08,94,100,10.5,10.6,0,2.0,3.0,8,21,1,0
12.1,Patchy rain possible,9.0,118,2,1008.0,0.06,93,93,11.4,11.1,0,10.0,3.0,9,21,1,0
12.9,Patchy rain possible,9.0,107,2,1007.0,0.07,91,77,12.2,11.4,0,10.0,3.0,10,21,1,0
14.3,Light rain shower,12.6,134,9,1008.0,0.48,87,64,13.4,12.1,1,10.0,3.0,11,21,0,1
14.9,Patchy rain possible,14.0,144,9,1007.0,0.38,87,71,14.0,12.7,1,9.0,3.0,12,21,0,1
15.8,Light rain shower,16.9,153,10,1006.0,0.81,83,88,15.8,13.0,1,10.0,4.0,13,21,0,1
15.8,Light rain shower,17.6,167,10,1006.0,0.8,82,77,15.8,12.8,1,10.0,4.0,14,21,0,1
15.2,Light rain shower,19.1,169,8,1005.0,0.43,83,73,15.2,12.4,1,10.0,4.0,15,21,0,1
14.6,Light rain shower,19.1,165,10,1005.0,0.59,85,70,13.2,12.1,1,10.0,3.0,16,21,0,1
14.0,Light rain shower,19.8,165,10,1005.0,0.66,86,69,12.5,11.7,1,10.0,3.0,17,21,0,1
13.2,Light rain shower,16.2,158,10,1005.0,0.42,88,100,11.7,11.2,1,10.0,0.0,18,21,0,1
12.8,Light rain shower,14.8,152,10,1005.0,0.58,90,99,11.4,11.1,1,10.0,0.0,19,21,0,1
12.5,Light rain shower,14.8,144,9,1005.0,0.56,90,100,11.0,11.0,1,10.0,0.0,20,21,0,1
12.6,Light rain shower,15.8,150,10,1005.0,0.23,88,100,11.1,10.7,1,10.0,0.0,21,21,0,1
12.6,Light rain shower,18.7,150,10,1005.0,0.21,89,89,10.8,10.9,1,10.0,0.0,22,21,0,1
12.4,Light rain shower,18.7,154,10,1005.0,0.94,91,100,10.5,11.0,1,10.0,0.0,23,21,0,1
12.5,Light rain shower,16.6,155,10,1005.0,0.37,89,87,10.9,10.7,1,10.0,0.0,0,22,0,1
12.2,Light rain shower,14.0,153,10,1004.0,0.45,90,100,10.7,10.6,1,10.0,0.0,1,22,0,1
12.4,Light rain shower,14.0,155,10,1004.0,0.51,90,100,11.0,10.9,1,10.0,0.0,2,22,0,1
12.4,Light rain shower,13.7,146,10,1003.0,0.33,90,100,11.1,10.9,1,10.0,0.0,3,22,0,1
12.2,Light rain shower,11.9,141,9,1003.0,0.48,91,91,11.0,10.9,1,10.0,0.0,4,22,0,1
12.0,Light rain shower,11.9,140,9,1003.0,0.69,92,65,10.8,10.8,1,10.0,0.0,5,22,0,1
11.4,Light rain shower,10.8,137,9,1003.0,0.63,93,57,10.2,10.4,1,10.0,0.0,6,22,0,1
11.3,Light rain shower,10.8,133,9,1003.0,0.55,94,100,10.1,10.3,1,10.0,0.0,7,22,0,1
11.5,Light rain shower,9.0,134,9,1004.0,1.26,95,100,10.6,10.7,1,10.0,3.0,8,22,0,1
12.2,Light rain shower,8.3,123,2,1004.0,0.66,95,100,11.5,11.4,1,10.0,3.0,9,22,0,1
12.3,Light rain shower,7.9,119,2,1005.0,0.39,94,100,11.8,11.5,1,10.0,3.0,10,22,0,1
12.7,Light rain shower,11.2,158,10,1006.0,0.54,94,100,11.8,11.9,1,10.0,3.0,11,22,0,1
13.5,Light rain shower,11.9,176,8,1006.0,0.44,93,100,12.5,12.3,1,10.0,3.0,12,22,0,1
14.2,Light rain shower,14.4,184,8,1006.0,1.02,90,100,13.1,12.5,1,10.0,3.0,13,22,0,1
13.8,Light rain shower,15.8,188,8,1006.0,0.92,88,99,12.5,11.9,1,10.0,3.0,14,22,0,1
13.0,Light rain shower,12.6,185,8,1006.0,0.88,89,94,11.9,11.3,1,10.0,3.0,15,22,0,1
12.7,Light rain shower,9.4,177,8,1007.0,0.9,90,85,11.9,11.1,1,10.0,3.0,16,22,0,1
12.4,Light rain shower,6.5,171,8,1007.0,0.7,91,91,12.2,11.0,1,10.0,3.0,17,22,0,1
11.8,Light rain shower,4.0,121,2,1008.0,0.25,93,91,12.1,10.7,1,10.0,0.0,18,22,0,1
11.2,Light rain shower,5.8,80,0,1009.0,0.17,94,81,10.9,10.3,1,10.0,0.0,19,22,0,1
10.9,Mist,6.8,80,0,1010.0,0.01,94,86,10.4,10.1,0,2.0,0.0,20,22,1,0
10.5,Light rain shower,6.1,65,1,1011.0,0.23,95,59,10.0,9.6,1,10.0,0.0,21,22,0,1
10.4,Mist,5.8,36,4,1012.0,0.09,95,76,10.0,9.6,1,2.0,0.0,22,22,0,1
10.4,Mist,5.4,51,4,1013.0,0.0,94,68,10.1,9.5,0,2.0,0.0,23,22,0,0
10.7,Cloudy,5.8,55,4,1011.0,0.0,93,83,10.3,9.6,0,10.0,0.0,0,23,0,0
10.8,Cloudy,5.4,11,5,1013.0,0.0,92,78,10.6,9.7,0,10.0,0.0,1,23,0,0
10.9,Light drizzle,9.7,336,6,1014.0,0.46,94,93,9.7,9.9,1,2.0,0.0,2,23,0,1
10.9,Partly cloudy,5.4,67,1,1013.0,0.0,93,61,10.7,9.8,0,10.0,0.0,3,23,0,0
10.6,Clear,5.0,95,0,1013.0,0.0,93,22,10.4,9.5,0,10.0,0.0,4,23,0,0
9.8,Cloudy,4.3,5,3,1015.0,0.0,93,73,9.8,8.8,0,10.0,0.0,5,23,0,0
9.5,Mist,7.9,337,6,1015.0,0.02,94,100,8.4,8.6,0,2.0,0.0,6,23,1,0
10.0,Patchy rain possible,10.8,7,3,1016.0,0.02,93,100,8.5,9.0,0,10.0,0.0,7,23,1,0
10.2,Patchy rain possible,6.8,39,4,1017.0,0.01,93,88,9.5,9.2,0,10.0,3.0,8,23,1,0
10.6,Sunny,7.9,71,1,1017.0,0.0,93,8,9.8,9.5,0,10.0,4.0,9,23,0,0
12.2,Sunny,7.6,86,0,1018.0,0.0,88,2,11.7,10.2,0,10.0,4.0,10,23,0,0
14.0,Sunny,4.7,108,2,1018.0,0.0,82,3,14.3,10.9,0,10.0,4.0,11,23,0,0
15.0,Partly cloudy,5.0,287,14,1018.0,0.0,79,50,15.4,11.5,0,10.0,4.0,12,23,1,0
14.7,Patchy rain possible,11.9,306,7,1018.0,0.09,80,92,14.1,11.4,0,10.0,3.0,13,23,1,0
13.6,Cloudy,7.9,321,7,1017.0,0.0,83,71,13.2,10.7,0,10.0,3.0,14,23,1,0
14.0,Partly cloudy,3.2,305,7,1017.0,0.0,82,35,14.8,10.9,0,10.0,4.0,15,23,1,0
14.1,Sunny,2.2,215,12,1017.0,0.0,82,23,14.1,11.0,0,10.0,4.0,16,23,1,0
13.0,Sunny,3.2,203,11,1017.0,0.0,88,14,13.7,11.0,0,10.0,4.0,17,23,1,0
11.6,Clear,3.2,196,11,1018.0,0.0,91,14,12.2,10.2,0,10.0,0.0,18,23,1,0
11.2,Clear,4.0,188,8,1019.0,0.0,92,19,11.5,10.0,0,10.0,0.0,19,23,1,0
10.7,Partly cloudy,2.9,200,11,1019.0,0.0,93,27,10.7,9.6,0,10.0,0.0,20,23,1,0
10.6,Partly cloudy,4.7,176,8,1019.0,0.0,93,48,10.5,9.5,0,10.0,0.0,21,23,0,0
10.4,Cloudy,6.1,165,10,1019.0,0.0,94,81,10.0,9.5,0,10.0,0.0,22,23,0,0
10.5,Overcast,5.4,168,10,1019.0,0.0,94,94,10.2,9.6,0,10.0,0.0,23,23,0,0
10.0,Cloudy,6.8,144,9,1019.0,0.0,88,72,9.2,8.2,0,10.0,0.0,0,24,0,0
9.7,Cloudy,6.8,141,9,1019.0,0.0,90,84,8.9,8.2,0,10.0,0.0,1,24,0,0
9.8,Overcast,7.6,156,10,1018.0,0.0,92,100,8.9,8.5,0,10.0,0.0,2,24,0,0
10.6,Overcast,7.9,174,8,1018.0,0.0,90,100,9.7,9.0,0,10.0,0.0,3,24,0,0
10.6,Overcast,10.4,157,10,1018.0,0.0,91,91,9.3,9.2,0,10.0,0.0,4,24,0,0
10.4,Overcast,10.8,155,10,1017.0,0.0,93,100,8.9,9.3,0,10.0,0.0,5,24,0,0
10.7,Overcast,12.2,157,10,1016.0,0.0,94,100,9.2,9.8,0,10.0,0.0,6,24,1,0
11.2,Overcast,13.7,176,8,1017.0,0.0,94,100,9.6,10.3,0,10.0,0.0,7,24,1,0
11.9,Patchy rain possible,15.1,187,8,1017.0,0.02,94,100,10.3,11.0,0,10.0,3.0,8,24,1,0
12.9,Patchy rain possible,17.6,186,8,1016.0,0.06,94,100,11.2,11.9,0,10.0,3.0,9,24,1,0
13.2,Patchy rain possible,19.4,191,11,1016.0,0.07,93,100,11.5,12.1,0,10.0,3.0,10,24,1,0
13.5,Patchy rain possible,22.0,190,8,1016.0,0.13,92,100,11.7,12.2,1,10.0,3.0,11,24,0,1
13.8,Light rain shower,24.1,192,11,1016.0,0.15,90,100,11.9,12.2,1,10.0,3.0,12,24,0,1
13.9,Light rain shower,25.2,192,11,1015.0,0.19,90,100,12.0,12.3,1,10.0,3.0,13,24,0,1
13.7,Light rain shower,26.3,191,11,1014.0,0.18,91,86,11.6,12.2,1,10.0,3.0,14,24,0,1
13.7,Patchy rain possible,27.7,187,8,1013.0,0.12,89,79,11.5,12.0,1,10.0,3.0,15,24,0,1
13.4,Patchy rain possible,29.2,186,8,1012.0,0.06,89,79,11.0,11.6,0,10.0,3.0,16,24,1,0
12.8,Patchy rain possible,29.9,186,8,1012.0,0.04,88,82,10.3,10.9,0,10.0,3.0,17,24,1,0
12.7,Patchy rain possible,31.3,183,8,1012.0,0.05,87,100,10.1,10.7,0,10.0,0.0,18,24,1,0
12.7,Patchy rain possible,35.3,173,8,1010.0,0.09,86,100,9.8,10.5,1,10.0,0.0,19,24,0,1
12.6,Moderate rain,37.4,181,8,1010.0,5.91,88,100,9.5,10.7,1,7.0,0.0,20,24,0,1
12.0,Heavy rain,29.5,183,8,1009.0,12.4,96,100,9.3,11.4,1,5.0,0.0,21,24,0,1
12.4,Moderate or heavy rain with thunder,38.5,199,11,1008.0,15.73,96,100,9.3,11.8,1,6.0,0.0,22,24,0,1
12.2,Light rain shower,16.6,281,14,1010.0,0.61,96,100,10.4,11.5,1,10.0,0.0,23,24,0,1
12.7,Light rain shower,14.8,241,15,1012.0,0.8,96,100,11.3,12.1,1,10.0,0.0,0,25,0,1
12.4,Patchy rain possible,11.9,252,15,1012.0,0.63,94,80,11.3,11.5,1,9.0,0.0,1,25,0,1
11.6,Patchy rain possible,10.4,250,15,1012.0,0.56,94,88,10.4,10.6,1,9.0,0.0,2,25,0,1
11.2,Patchy rain possible,10.4,256,15,1012.0,0.12,93,62,10.0,10.2,1,10.0,0.0,3,25,0,1
10.8,Patchy rain possible,8.3,260,13,1013.0,0.13,93,51,9.9,9.7,1,10.0,0.0,4,25,0,1
10.4,Patchy rain possible,10.4,261,13,1013.0,0.61,93,73,9.1,9.4,1,9.0,0.0,5,25,0,1
10.3,Light rain shower,13.3,275,13,1014.0,0.59,92,100,8.5,9.1,1,10.0,0.0,6,25,0,1
10.4,Light rain shower,16.2,286,14,1015.0,0.84,90,100,8.2,8.8,1,10.0,0.0,7,25,0,1
10.4,Light rain shower,21.6,293,14,1016.0,1.21,85,83,7.7,7.9,1,10.0,3.0,8,25,0,1
10.7,Overcast,11.2,302,14,1016.0,0.0,82,100,9.2,7.7,0,10.0,3.0,9,25,1,0
11.0,Light rain shower,13.7,284,14,1017.0,0.81,82,64,9.3,8.0,1,10.0,3.0,10,25,0,1
11.3,Patchy light rain with thunder,17.6,289,14,1019.0,0.76,81,76,9.3,8.3,1,10.0,3.0,11,25,0,1
11.6,Patchy rain possible,14.0,306,7,1018.0,0.25,77,77,10.0,7.8,1,9.0,3.0,12,25,0,1
12.1,Light rain shower,13.7,294,14,1018.0,0.3,73,61,10.6,7.5,1,10.0,3.0,13,25,0,1
11.5,Patchy rain possible,13.3,283,14,1018.0,0.31,74,87,10.0,7.1,1,9.0,3.0,14,25,0,1
11.2,Patchy rain possible,13.3,270,13,1018.0,0.3,76,70,9.6,7.2,1,9.0,3.0,15,25,0,1
10.7,Patchy rain possible,11.9,265,13,1019.0,0.22,80,71,9.2,7.4,1,9.0,3.0,16,25,0,1
10.0,Light rain shower,8.3,260,13,1020.0,0.15,83,54,8.9,7.3,1,10.0,2.0,17,25,0,1
8.8,Patchy rain possible,2.5,210,11,1019.0,0.01,84,89,8.8,6.3,0,10.0,0.0,18,25,1,0
8.7,Patchy rain possible,5.8,230,12,1020.0,0.04,84,77,8.1,6.3,0,10.0,0.0,19,25,1,0
9.1,Patchy rain possible,6.1,192,11,1020.0,0.02,84,58,8.4,6.6,0,10.0,0.0,20,25,1,0
9.3,Patchy rain possible,7.6,174,8,1020.0,0.03,84,73,8.3,6.8,0,10.0,0.0,21,25,1,0
9.3,Patchy rain possible,9.0,163,10,1019.0,0.05,85,68,8.0,7.0,0,10.0,0.0,22,25,1,0
9.4,Patchy rain possible,9.7,165,10,1019.0,0.04,86,68,7.9,7.2,0,10.0,0.0,23,25,1,0
8.7,Light rain shower,18.0,176,8,1017.0,0.2,88,100,5.9,6.8,1,10.0,0.0,0,26,0,1
9.3,Light drizzle,23.4,179,8,1017.0,0.66,88,100,6.2,7.5,1,2.0,0.0,1,26,0,1
9.5,Light rain shower,28.1,174,8,1015.0,0.31,90,100,6.1,7.9,1,10.0,0.0,2,26,0,1
9.4,Light rain shower,32.0,172,8,1013.0,1.09,91,100,5.7,8.1,1,10.0,0.0,3,26,0,1
9.5,Light rain shower,35.6,176,8,1011.0,0.96,91,100,5.6,8.2,1,10.0,0.0,4,26,0,1
9.9,Moderate rain,39.2,180,8,1010.0,3.2,93,100,5.9,8.9,1,7.0,0.0,5,26,0,1
10.8,Moderate rain,39.2,192,11,1009.0,5.85,95,100,7.1,10.1,1,7.0,0.0,6,26,0,1
11.9,Moderate rain,36.7,205,11,1009.0,5.22,96,100,8.7,11.3,1,7.0,0.0,7,26,0,1
13.0,Light rain shower,28.1,208,11,1010.0,1.44,92,100,10.6,11.7,1,10.0,3.0,8,26,0,1
13.4,Light rain shower,25.9,208,11,1009.0,1.9,95,100,11.3,12.6,1,10.0,3.0,9,26,0,1
13.7,Light rain shower,29.2,196,11,1008.0,1.42,97,100,11.5,13.2,1,10.0,3.0,10,26,0,1
14.3,Light rain shower,31.3,195,11,1008.0,0.78,97,100,12.1,13.7,1,10.0,3.0,11,26,0,1
14.7,Light rain shower,34.6,203,11,1007.0,1.15,97,100,12.6,14.2,1,10.0,3.0,12,26,0,1
15.1,Light rain,37.8,207,11,1006.0,2.45,96,100,15.1,14.4,1,9.0,4.0,13,26,0,1
15.1,Light rain shower,38.9,204,11,1005.0,0.39,94,100,15.1,14.2,1,10.0,4.0,14,26,0,1
15.0,Light rain shower,41.4,212,11,1005.0,0.99,95,100,15.1,14.2,1,10.0,4.0,15,26,0,1
15.0,Light rain shower,40.3,217,12,1004.0,1.34,95,100,12.6,14.2,1,10.0,3.0,16,26,0,1
14.9,Light rain shower,43.2,222,12,1004.0,0.9,95,100,12.5,14.1,1,10.0,3.0,17,26,0,1
15.1,Light rain shower,41.0,220,12,1004.0,0.52,95,100,15.1,14.3,1,10.0,0.0,18,26,0,1
15.4,Light rain shower,40.7,224,12,1005.0,0.74,95,100,15.4,14.5,1,10.0,0.0,19,26,0,1
15.4,Light rain shower,39.2,233,12,1005.0,2.44,95,100,15.4,14.6,1,10.0,0.0,20,26,0,1
14.9,Moderate or heavy rain shower,27.7,241,15,1005.0,3.36,98,100,13.1,14.5,1,7.0,0.0,21,26,0,1
14.9,Light rain shower,25.6,242,15,1006.0,0.43,96,100,13.3,14.3,1,10.0,0.0,22,26,0,1
14.4,Light rain shower,24.1,244,15,1006.0,0.46,94,90,12.7,13.4,1,10.0,0.0,23,26,0,1
